Workbook

Sheet Raw
A1: assessment_id | B1: month | C1: course_id | D1: batch | E1: score | F1: attendance_pct | H1: Notes
A2: 1 | B2: Jan | C2: C1 | D2: Morning | E2: 72 | F2: 90 | H2: Raw count (rows) | I2: =COUNTA(A2:A14) -> 13
A3: 2 | B3: Jan | C3: C2 | D3: Evening | E3: 45 | F3: 70 | H3: Row 14 (shaded) is an exact duplicate of row 13 - removed in the Clean sheet.
A4: 3 | B4: Jan | C4: C3 | D4: Morning | E4: 65 | F4: 85
A5: 4 | B5: Jan | C5: C4 | D5: Weekend | E5: 38 | F5: 60
A6: 5 | B6: Feb | C6: C1 | D6: Evening | E6: 80 | F6: 95
A7: 6 | B7: Feb | C7: C2 | D7: Weekend | E7: 55 | F7: 80
A8: 7 | B8: Feb | C8: C3 | D8: Morning | E8: 48 | F8: 75
A9: 8 | B9: Feb | C9: C4 | D9: Evening | E9: 68 | F9: 88
A10: 9 | B10: Mar | C10: C1 | D10: Weekend | E10: 90 | F10: 98
A11: 10 | B11: Mar | C11: C2 | D11: Morning | E11: 60 | F11: 82
A12: 11 | B12: Mar | C12: C3 | D12: Evening | E12: 75 | F12: 92
A13: 12 | B13: Mar | C13: C4 | D13: Weekend | E13: 42 | F13: 65
A14: 12 | B14: Mar | C14: C4 | D14: Weekend | E14: 42 | F14: 65

Sheet Lookup
A1: course_id | B1: course | C1: department
A2: C1 | B2: Excel | C2: Business
A3: C2 | B3: PowerBI | C3: Business
A4: C3 | B4: SQL | C4: Technology
A5: C4 | B5: Python | C5: Technology

Sheet Clean
A1: assessment_id | B1: month | C1: course_id | D1: batch | E1: score | F1: attendance_pct | G1: department | H1: pass_flag | J1: Row-count check | K1: Rows
A2: 1 | B2: Jan | C2: C1 | D2: Morning | E2: 72 | F2: 90 | G2: =INDEX(Lookup!$C$2:$C$5,MATCH(C2,Lookup!$A$2:$A$5,0)) -> Business | H2: =IF(E2>=50,1,0) -> 1 | J2: Before (Raw) | K2: =COUNTA(Raw!A2:A14) -> 13
A3: 2 | B3: Jan | C3: C2 | D3: Evening | E3: 45 | F3: 70 | G3: =INDEX(Lookup!$C$2:$C$5,MATCH(C3,Lookup!$A$2:$A$5,0)) -> Business | H3: =IF(E3>=50,1,0) -> 0 | J3: After (Clean) | K3: =COUNTA(A2:A13) -> 12
A4: 3 | B4: Jan | C4: C3 | D4: Morning | E4: 65 | F4: 85 | G4: =INDEX(Lookup!$C$2:$C$5,MATCH(C4,Lookup!$A$2:$A$5,0)) -> Technology | H4: =IF(E4>=50,1,0) -> 1 | J4: Duplicates removed | K4: =K2-K3 -> 1
A5: 4 | B5: Jan | C5: C4 | D5: Weekend | E5: 38 | F5: 60 | G5: =INDEX(Lookup!$C$2:$C$5,MATCH(C5,Lookup!$A$2:$A$5,0)) -> Technology | H5: =IF(E5>=50,1,0) -> 0
A6: 5 | B6: Feb | C6: C1 | D6: Evening | E6: 80 | F6: 95 | G6: =INDEX(Lookup!$C$2:$C$5,MATCH(C6,Lookup!$A$2:$A$5,0)) -> Business | H6: =IF(E6>=50,1,0) -> 1 | J6: department = INDEX/MATCH on Lookup (XLOOKUP equivalent); pass_flag = IF(score>=50,1,0).
A7: 6 | B7: Feb | C7: C2 | D7: Weekend | E7: 55 | F7: 80 | G7: =INDEX(Lookup!$C$2:$C$5,MATCH(C7,Lookup!$A$2:$A$5,0)) -> Business | H7: =IF(E7>=50,1,0) -> 1
A8: 7 | B8: Feb | C8: C3 | D8: Morning | E8: 48 | F8: 75 | G8: =INDEX(Lookup!$C$2:$C$5,MATCH(C8,Lookup!$A$2:$A$5,0)) -> Technology | H8: =IF(E8>=50,1,0) -> 0
A9: 8 | B9: Feb | C9: C4 | D9: Evening | E9: 68 | F9: 88 | G9: =INDEX(Lookup!$C$2:$C$5,MATCH(C9,Lookup!$A$2:$A$5,0)) -> Technology | H9: =IF(E9>=50,1,0) -> 1
A10: 9 | B10: Mar | C10: C1 | D10: Weekend | E10: 90 | F10: 98 | G10: =INDEX(Lookup!$C$2:$C$5,MATCH(C10,Lookup!$A$2:$A$5,0)) -> Business | H10: =IF(E10>=50,1,0) -> 1
A11: 10 | B11: Mar | C11: C2 | D11: Morning | E11: 60 | F11: 82 | G11: =INDEX(Lookup!$C$2:$C$5,MATCH(C11,Lookup!$A$2:$A$5,0)) -> Business | H11: =IF(E11>=50,1,0) -> 1
A12: 11 | B12: Mar | C12: C3 | D12: Evening | E12: 75 | F12: 92 | G12: =INDEX(Lookup!$C$2:$C$5,MATCH(C12,Lookup!$A$2:$A$5,0)) -> Technology | H12: =IF(E12>=50,1,0) -> 1
A13: 12 | B13: Mar | C13: C4 | D13: Weekend | E13: 42 | F13: 65 | G13: =INDEX(Lookup!$C$2:$C$5,MATCH(C13,Lookup!$A$2:$A$5,0)) -> Technology | H13: =IF(E13>=50,1,0) -> 0

Sheet Summary
A1: Training Performance Analysis - Summary (Set C)
A2: Business question: which course needs the most academic support, and how does performance differ across batches? (12 clean assessments; pass = score >= 50)
A4: Assessments (clean) | C4: Average Score | E4: Overall Pass Rate | G4: Rows Removed
A5: =COUNTA(Clean!A2:A13) -> 12 | C5: =AVERAGE(Clean!E2:E13) -> 61.5 | E5: =SUM(Clean!H2:H13)/COUNTA(Clean!A2:A13) -> 0.66666667 | G5: =Clean!K4 -> 1
A7: 1. Passing assessments by batch (COUNTIFS)
A8: Batch | B8: Passing (pass_flag=1) | C8: Total Assessments | D8: Pass Rate
A9: Morning | B9: =COUNTIFS(Clean!$D$2:$D$13,A9,Clean!$H$2:$H$13,1) -> 3 | C9: =COUNTIFS(Clean!$D$2:$D$13,A9) -> 4 | D9: =IF(C9=0,0,B9/C9) -> 0.75
A10: Evening | B10: =COUNTIFS(Clean!$D$2:$D$13,A10,Clean!$H$2:$H$13,1) -> 3 | C10: =COUNTIFS(Clean!$D$2:$D$13,A10) -> 4 | D10: =IF(C10=0,0,B10/C10) -> 0.75
A11: Weekend | B11: =COUNTIFS(Clean!$D$2:$D$13,A11,Clean!$H$2:$H$13,1) -> 2 | C11: =COUNTIFS(Clean!$D$2:$D$13,A11) -> 4 | D11: =IF(C11=0,0,B11/C11) -> 0.5
A12: Total | B12: =SUM(B9:B11) -> 8 | C12: =SUM(C9:C11) -> 12 | D12: =IF(C12=0,0,B12/C12) -> 0.66666667
A14: 2. Average score by department and month (PivotTable-style cross-tab, live formulas)
A15: Department | B15: Jan | C15: Feb | D15: Mar | E15: Overall
A16: Business | B16: =IFERROR(AVERAGEIFS(Clean!$E$2:$E$13,Clean!$G$2:$G$13,$A16,Clean!$B$2:$B$13,B$15),0) -> 58.5 | C16: =IFERROR(AVERAGEIFS(Clean!$E$2:$E$13,Clean!$G$2:$G$13,$A16,Clean!$B$2:$B$13,C$15),0) -> 67.5 | D16: =IFERROR(AVERAGEIFS(Clean!$E$2:$E$13,Clean!$G$2:$G$13,$A16,Clean!$B$2:$B$13,D$15),0) -> 75 | E16: =IFERROR(AVERAGEIFS(Clean!$E$2:$E$13,Clean!$G$2:$G$13,$A16),0) -> 67
A17: Technology | B17: =IFERROR(AVERAGEIFS(Clean!$E$2:$E$13,Clean!$G$2:$G$13,$A17,Clean!$B$2:$B$13,B$15),0) -> 51.5 | C17: =IFERROR(AVERAGEIFS(Clean!$E$2:$E$13,Clean!$G$2:$G$13,$A17,Clean!$B$2:$B$13,C$15),0) -> 58 | D17: =IFERROR(AVERAGEIFS(Clean!$E$2:$E$13,Clean!$G$2:$G$13,$A17,Clean!$B$2:$B$13,D$15),0) -> 58.5 | E17: =IFERROR(AVERAGEIFS(Clean!$E$2:$E$13,Clean!$G$2:$G$13,$A17),0) -> 56
A18: All departments | B18: =IFERROR(AVERAGEIFS(Clean!$E$2:$E$13,Clean!$B$2:$B$13,B$15),0) -> 55 | C18: =IFERROR(AVERAGEIFS(Clean!$E$2:$E$13,Clean!$B$2:$B$13,C$15),0) -> 62.75 | D18: =IFERROR(AVERAGEIFS(Clean!$E$2:$E$13,Clean!$B$2:$B$13,D$15),0) -> 66.75 | E18: =AVERAGE(Clean!E2:E13) -> 61.5
A20: 3. Course performance - which course needs the most support?
A21: Course | B21: Department | C21: Total | D21: Passing | E21: Pass Rate | F21: Avg Score
A22: =Lookup!B2 -> Excel | B22: =Lookup!C2 -> Business | C22: =COUNTIFS(Clean!$C$2:$C$13,Lookup!A2) -> 3 | D22: =COUNTIFS(Clean!$C$2:$C$13,Lookup!A2,Clean!$H$2:$H$13,1) -> 3 | E22: =IF(C22=0,0,D22/C22) -> 1 | F22: =IFERROR(AVERAGEIFS(Clean!$E$2:$E$13,Clean!$C$2:$C$13,Lookup!A2),0) -> 80.666667
A23: =Lookup!B3 -> PowerBI | B23: =Lookup!C3 -> Business | C23: =COUNTIFS(Clean!$C$2:$C$13,Lookup!A3) -> 3 | D23: =COUNTIFS(Clean!$C$2:$C$13,Lookup!A3,Clean!$H$2:$H$13,1) -> 2 | E23: =IF(C23=0,0,D23/C23) -> 0.66666667 | F23: =IFERROR(AVERAGEIFS(Clean!$E$2:$E$13,Clean!$C$2:$C$13,Lookup!A3),0) -> 53.333333
A24: =Lookup!B4 -> SQL | B24: =Lookup!C4 -> Technology | C24: =COUNTIFS(Clean!$C$2:$C$13,Lookup!A4) -> 3 | D24: =COUNTIFS(Clean!$C$2:$C$13,Lookup!A4,Clean!$H$2:$H$13,1) -> 2 | E24: =IF(C24=0,0,D24/C24) -> 0.66666667 | F24: =IFERROR(AVERAGEIFS(Clean!$E$2:$E$13,Clean!$C$2:$C$13,Lookup!A4),0) -> 62.666667
A25: =Lookup!B5 -> Python | B25: =Lookup!C5 -> Technology | C25: =COUNTIFS(Clean!$C$2:$C$13,Lookup!A5) -> 3 | D25: =COUNTIFS(Clean!$C$2:$C$13,Lookup!A5,Clean!$H$2:$H$13,1) -> 1 | E25: =IF(C25=0,0,D25/C25) -> 0.33333333 | F25: =IFERROR(AVERAGEIFS(Clean!$E$2:$E$13,Clean!$C$2:$C$13,Lookup!A5),0) -> 49.333333
A26: Lowest pass-rate course (needs most support): | D26: =INDEX(A22:A25,MATCH(MIN(E22:E25),E22:E25,0)) -> Python | E26: =INDEX(D22:D25,MATCH(MIN(E22:E25),E22:E25,0))&" / "&INDEX(C22:C25,MATCH(MIN(E22:E25),E22:E25,0)) -> 1 / 3 | F26: =MIN(E22:E25) -> 0.33333333
A27: If courses tie for the lowest rate, the first is shown; compare the Pass Rate column for ties.
A29: 4. Chart - average score by department and month
A49: Notes: Cross-tab above uses AVERAGEIFS so it stays live and error-free; to add a native PivotTable select Clean!A1:H13 > Insert > PivotTable (Rows: department, Columns: month, Values: Average of score).
